Title,Price,Location,URL
1978 fender champ speaker,$150.00,Ithaca,No URL
Subwoofer and speaker bundle,$200.00,Candor,No URL
"12"" speaker 8 ohm 700W Eminence Omega Pro-12A",$65.00,Ithaca,No URL
NEW AIWA Exos Go Wireless Bluetooth Waterproof Bluetooth Speaker,$26.00,Ithaca,No URL
2x10 Guitar Vertical Speaker Cabinet - Celestions,$225.00,Dryden,No URL
2015 DODGE GRAND CARAVAN SXT NAVIGATION DVD STOW N GO SEATING,$7495.00,Binghamton,No URL
"Like-New 11-inch iPad Pro (3rd Gen) w/ M1 Chip – 256GB, Wi-Fi+Cellular",$580.00,Freeville,No URL
Fender champion 110 electric guitar amp 2 channel w/ reverb,$60.00,Slaterville Springs,No URL
2015 Chevrolet Silverado 1500 4WD Double Cab 143.5 LS,$15995.00,Owego,No URL
2012 GMC Sierra 2500HD 4WD Reg Cab 133.7 Work Truck,$19995.00,Owego,No URL
Yamaha R-S202BL Stereo System with Speakers,$90.00,Ithaca,No URL
2015 Nissan Murano AWD 4dr SL,$11995.00,Owego,No URL
2015 Chevrolet Malibu 4dr Sdn LT w/1LT,$10995.00,Owego,No URL
2017 Nissan Murano 2017.5 AWD SL,$16995.00,Owego,No URL
2018 Chevrolet Cruze 4dr Sdn 1.4L LT w/1SD,$11995.00,Owego,No URL
Line 6 Spider IV 15 watt Guitar Amplifier $75 OBO,$75.00,Brooktondale,No URL
2011 Subaru Impreza 2.5i AWD 4dr Sedan Automatic low miles,$6995.00,Binghamton,No URL
Paisley Research AE-300 Speakers Audiophile,$300.00,Ithaca,No URL
A/D/S L-780 Speakers,$219.00,Ithaca,No URL
Digital Audio Converter works with home theater or stereo music system,$15.00,Ithaca,No URL
"Pair of 6.5"" 2-Way Car Audio SPEAKERS *Dual XP65*",$10.00,Ithaca,No URL
"H.M.S. ""Margin Call""",$4000.00,Ithaca,No URL
KENWOOD 12 INCH CAR SPEAKERS,$150.00,Ithaca,No URL
Tru-Audio CT-66A Speakers,$140.00,Ithaca,No URL
Nsf Refrigerator Glass Door Flower Cooler RESTAURANT EQUIPMENT,$295.00,Clifton,No URL
Commercial Reach In Freezer Refrigerator Cooler RESTAURANT EQUIPMENT,$1089.00,Clifton,No URL
SHOW BAKERY PASTRY DELI CASE REFRIGERATOR RESTAURANT EQUIPMENT,$532.00,Clifton,No URL
Mackie Thump Speaker,$400.00,Ithaca,No URL
2018 Chevrolet Tahoe 4WD 4dr LS,$22995.00,Owego,No URL
NSF Stainless Steel Sandwich Prep Table Salad Bar RESTAURANT EQUIPMENT,$989.00,Clifton,No URL
NSF 1/2/3 Glass Door Merchandiser Beverage Refrigerator RESTAURANT EQU,$489.00,Clifton,No URL
2015 Jeep Wrangler Unlimited 4WD 4dr Willys Wheeler,$19995.00,Owego,No URL
2 speakers,$700.00,Cortland,No URL
2009 Nissan Altima 2.5 S 4dr Sedan Automatic,$4895.00,Binghamton,No URL
2011 Toyota Tacoma V6 4x4 4dr Access Cab 6.1 ft SB 5A,$16995.00,Binghamton,No URL
Bowers & Wilkins 606 S2 Bookshelf Speakers,$475.00,Ithaca,No URL
Vintage Stereo Speakers (pair),$43.00,Ithaca,No URL
2017 Jeep Grand Cherokee Limited 4x4,$15995.00,Owego,No URL
2015 Honda Accord Sedan 4dr I4 CVT LX,$12995.00,Owego,No URL
2015 Kia Forte LX 4dr Sedan 6A,$7895.00,Binghamton,No URL
2017 Hyundai Accent SE 4door Hatchback gas saver clean car,$6995.00,Binghamton,No URL
2016 Nissan Altima 2.5 SL Loaded up 4dr Sedan,$6495.00,Binghamton,No URL
Commercial Reach In Freezer Refrigerator Cooler RESTAURANT EQUIPMENT,$1089.00,Clifton,No URL
Klipsch Heresy’s industrial,$600.00,Canandaigua,No URL
"New GM parts: AC belt, O2 sensor etc",$1.00,Trumansburg,No URL
